graph, importance
Barabasi_7500_10_house_500_500_4.pickle,0.018383638933300972,0.016405154019594193,-0.0005680285394191742,0.012663986533880234,0.025419319048523903,0.03867866098880768,0.02265290915966034,0.01078663021326065,0.01317979022860527,0.02424941211938858,0.02418178878724575,0.022041134536266327,0.015088381245732307,0.016615303233265877,0.01585003174841404,0.01728995144367218,0.22769853472709656,0.00962391309440136,0.02144322171807289,0.03129696100950241,0.04186295345425606,0.023086372762918472,0.027163324877619743,0.029522830620408058,0.006270298268646002,0.12132956087589264,
